# distance_m,msl_egm96_m,ellipsoid_wgs84_m; SRTM30 + EGM96; 2026-10-08
0.000000,13.000,16.648
67.843001,13.000,16.650
135.686002,12.000,15.653
228.527392,12.000,15.656
321.368782,11.000,14.659
414.210173,8.000,11.662
506.695942,11.000,14.666
599.181712,13.000,16.669
691.667482,16.000,19.672
784.153252,16.000,19.675
878.319931,14.000,17.678
972.486610,12.000,15.682
1042.114624,11.000,14.684
1111.742637,10.000,13.686
1181.370650,7.000,10.689
1276.058220,10.000,13.692
1370.745790,9.000,12.695
1465.433359,8.000,11.698
1504.540488,9.000,12.700
1559.020232,8.000,11.702
1641.143008,8.000,11.704
1723.265784,9.000,12.707
1806.025131,11.000,14.710
1888.784478,9.000,12.712
1963.734607,8.000,11.715
2038.684737,10.000,13.717
2108.700720,12.000,15.720
2178.716703,13.000,16.722
2258.610454,15.000,18.725
2338.504205,17.000,20.727
2418.397956,17.000,20.730
2498.291707,16.000,19.732
2578.185459,15.000,18.735
2658.079212,15.000,18.737
2737.972965,13.000,16.740
2817.866717,12.000,15.743
2910.027188,9.000,12.746
2985.186905,8.000,11.748
3075.614281,10.000,13.751
3166.041656,7.000,10.754
3256.469032,10.000,13.757
3346.896408,12.000,15.760
3424.529377,9.000,12.762
3522.066543,11.000,14.765
3619.603709,13.000,16.768
3717.140875,12.000,15.772
3814.678041,14.000,17.775
3912.215207,13.000,16.778
4010.409017,11.000,14.781
4108.602827,10.000,13.784
4190.521540,15.000,18.787
4272.440252,16.000,19.789
4354.358964,13.000,16.792
4436.277677,12.000,15.795
4518.196389,11.000,14.797
4617.618941,10.000,13.801
4717.041492,11.000,14.804
4816.464044,13.000,16.807
4915.136641,11.000,14.810
5013.809239,11.000,14.813
5112.481836,11.000,14.816
5196.635532,10.000,13.819
5280.789227,11.000,14.821
5364.942923,13.000,16.824
5449.096618,10.000,13.827
5540.641904,9.000,12.829
5632.187190,7.000,10.832
5723.732477,7.000,10.835
5815.277763,8.000,11.838
5862.429822,9.000,12.839
5943.476889,9.000,12.841
6024.523955,8.000,11.844
6105.571022,6.000,9.846
6188.031262,9.000,12.849
6270.491502,7.000,10.851
6352.951743,6.000,9.853
6440.791602,6.000,9.856
6528.631462,7.000,10.858
6616.471321,10.000,13.861
6710.088884,7.000,10.863
6778.537826,8.000,11.865
6846.986767,9.000,12.867
6915.435709,8.000,11.869
6996.267073,7.000,10.871
7077.098437,8.000,11.873
7132.962482,11.000,14.875
7188.826527,11.000,14.876
7256.111266,9.000,12.878
7323.396004,14.000,17.880
7378.049069,14.000,17.881
7432.702134,12.000,15.883
7506.814054,9.000,12.884
7580.925973,8.000,11.886
7663.176477,7.000,10.888
7745.426981,8.000,11.890
7841.507618,6.000,9.893
7937.588255,5.000,8.895
8033.668892,6.000,9.898
8129.749529,6.000,9.900
8225.830167,9.000,12.903
8311.833927,5.000,8.905
8383.433902,4.000,7.906
8455.033876,6.000,9.908
8526.633850,7.000,10.910
8604.498775,7.000,10.912
8682.363700,8.000,11.914
8760.228624,8.000,11.916
8832.803983,6.000,9.918
8905.379342,7.000,10.920
8977.955361,5.000,8.922
9050.531380,6.000,9.924
9142.356225,6.000,9.926
9219.345579,6.000,9.929
9296.334932,2.000,5.931
9345.781389,4.000,7.932
9407.058532,5.000,8.934
9468.335675,4.000,7.936
9541.417086,6.000,9.938
9572.014951,5.000,8.939
9659.439196,4.000,7.941
9746.863441,4.000,7.944
9834.287686,4.000,7.947
9907.484448,3.000,6.949
9980.681210,5.000,8.951
10053.877972,5.000,8.953
10136.618041,7.000,10.956
10219.358109,5.000,8.959
10302.098178,5.000,8.961
10370.765291,5.000,8.963
10439.432404,3.000,6.966
10508.099517,7.000,10.968
10583.456961,8.000,11.970
10658.814405,7.000,10.972
10734.171849,5.000,8.975
10833.109924,10.000,13.978
10932.048000,6.000,9.981
11017.010211,8.000,11.984
11101.972422,5.000,8.986
11186.934633,6.000,9.989
11271.896844,6.000,9.992
11350.230701,5.000,8.994
11428.564557,6.000,9.997
11506.898414,7.000,10.999
11594.888150,6.000,10.002
11682.877885,5.000,9.005
11770.867621,2.000,6.008
11858.857356,5.000,9.010
11897.254498,5.000,9.012
11993.179191,7.000,11.015
12089.103883,6.000,10.018
12178.871837,5.000,9.021
12268.639791,4.000,8.023
12358.407745,9.000,13.026
12448.175699,7.000,11.029
12523.065761,8.000,12.031
12597.955823,6.000,10.034
12672.845885,7.000,11.036
12729.467865,4.000,8.038
12786.089846,6.000,10.040
12806.785187,7.000,11.040
12895.124819,10.000,14.043
12983.464450,6.000,10.046
13059.512025,7.000,11.049
13145.647556,7.000,11.051
13214.094112,6.000,10.054
13282.540667,6.000,10.056
13350.987223,7.000,11.058
13422.282566,7.000,11.060
13493.577909,7.000,11.063
13567.018015,5.000,9.065
13640.458121,6.000,10.068
13713.898226,7.000,11.070
13726.648568,7.000,11.071
13819.276335,7.000,11.074
13911.904103,7.000,11.077
14004.531871,7.000,11.080
14097.159639,6.000,10.083
14176.042872,5.000,9.086
14254.926106,7.000,11.088
14333.809340,6.000,10.091
14412.692573,4.000,8.094
14500.661440,8.000,12.097
14588.630307,7.000,11.100
14638.636085,2.000,6.101
14727.891508,8.000,12.105
14822.132799,6.000,10.108
14916.374089,7.000,11.111
15013.305661,8.000,12.114
15110.237234,7.000,11.118
15194.051751,5.000,9.121
15277.866268,9.000,13.124
15361.680786,8.000,12.127
15440.208494,6.000,10.129
15518.736203,7.000,11.132
15597.263912,4.000,8.135
15675.791620,7.000,11.138
15682.579631,6.000,10.138
15773.157726,8.000,12.141
15863.735822,9.000,13.144
15954.313918,5.000,9.147
16044.892013,6.000,10.151
16135.470109,11.000,15.154
16185.436067,12.000,16.156
16200.723344,10.000,14.156
16297.274362,7.000,11.160
16393.825380,9.000,13.163
16490.376397,8.000,12.166
16586.927415,5.000,9.170
16683.478431,7.000,11.173
16780.029447,6.000,10.176
16876.580463,8.000,12.180
16973.131479,8.000,12.183
17069.682498,3.000,7.187
17166.233517,7.000,11.190
17262.784536,6.000,10.193
17359.335554,8.000,12.197
17455.886572,6.000,10.200
17552.437589,7.000,11.204
17648.988606,8.000,12.207
17745.539623,8.000,12.211
17844.699601,6.000,10.215
17943.859579,7.000,11.218
18043.019556,7.000,11.222
18142.179534,4.000,8.226
18241.339510,6.000,10.230
18340.499486,6.000,10.234
18439.659462,5.000,9.237
18538.819438,5.000,9.241
18617.523367,6.000,10.244
18696.227296,6.000,10.247
18774.931225,7.000,11.250
18853.635154,6.000,10.253
18932.339083,6.000,10.256
19011.043012,4.000,8.259
19089.746941,8.000,12.262
19168.450870,5.000,9.265
19251.898487,6.000,10.268
19335.346103,5.000,9.272
19418.793720,7.000,11.275
19457.146477,4.000,8.276
19497.605880,4.000,8.278
19559.804041,7.000,11.280
19622.002203,6.000,10.283
19721.718195,6.000,10.286
19821.434186,4.000,8.290
19921.150178,8.000,12.294
20007.156701,6.000,10.297
20093.163223,8.000,12.300
20177.862197,7.000,11.304
20262.561171,7.000,11.307
20342.320762,8.000,12.310
20422.080353,4.000,8.313
20519.875909,6.000,10.316
20617.671465,6.000,10.320
20669.259130,3.000,7.322
20720.846796,4.000,8.324
20788.838995,7.000,11.326
20856.831193,6.000,10.329
20925.280478,4.000,8.331
20993.729762,2.000,6.334
21059.984122,10.000,14.336
21126.238483,9.000,13.339
21186.621584,6.000,10.341
21247.004686,4.000,8.343
21306.071092,9.000,13.345
21365.137497,9.000,13.347
21458.281775,6.000,10.351
21552.852080,5.000,9.354
21647.422386,7.000,11.357
21741.992691,5.000,9.361
21840.474906,3.000,7.364
21938.957121,6.000,10.368
22014.290821,7.000,11.371
22089.624521,11.000,15.373
22164.958221,6.000,10.376
22234.908390,5.000,9.378
22304.858559,5.000,9.381
22374.808729,7.000,11.383
22469.802689,7.000,11.387
22564.796649,8.000,12.390
22631.187754,4.000,8.393
22697.578858,8.000,12.395
22724.397119,9.000,13.396
22821.864534,9.000,13.400
22919.331949,7.000,11.403
22971.479470,4.000,8.405
23023.626991,8.000,12.407
23095.615960,6.000,10.410
23167.604930,8.000,12.412
23224.843477,6.000,10.415
23282.082024,5.000,9.417
23342.688751,6.000,10.419
23403.295478,8.000,12.421
23491.201973,6.000,10.425
23542.043503,6.000,10.426
23627.131330,9.000,13.430
23722.001354,10.000,14.433
23816.871378,8.000,12.437
23866.379324,11.000,15.439
23909.636257,11.000,15.440
23979.065059,9.000,13.443
24048.493860,8.000,12.446
24145.400431,4.000,8.449
24242.307002,9.000,13.453
24332.069261,4.000,8.456
24421.831521,10.000,14.460
24511.593780,8.000,12.463
24601.356040,7.000,11.467
24691.118301,6.000,10.470
24780.880563,11.000,15.474
24870.642825,8.000,12.477
24960.405086,7.000,11.481
25048.333479,10.000,14.484
25136.261872,8.000,12.487
25224.190265,9.000,13.491
25307.454467,4.000,8.494
25390.718670,12.000,16.497
25473.982872,4.000,8.501
25557.247074,6.000,10.504
25643.829706,6.000,10.507
25730.412338,9.000,13.510
25805.999895,8.000,12.513
25881.587452,6.000,10.516
25960.167972,6.000,10.519
26038.748492,9.000,13.522
26106.055291,8.000,12.525
26173.362090,4.000,8.527
26255.975707,6.000,10.530
26338.589324,6.000,10.534
26415.023568,7.000,11.536
26491.457813,7.000,11.539
26567.892057,7.000,11.542
26652.053346,6.000,10.545
26736.214635,3.000,7.549
26766.169228,4.000,8.550
26820.725373,4.000,8.552
26875.281518,6.000,10.554
26935.282749,8.000,12.556
26995.283980,8.000,12.558
27055.593740,6.000,10.560
27115.903500,5.000,9.562
27214.006582,7.000,11.566
27312.109664,12.000,16.570
27388.584897,4.000,8.572
27465.060131,7.000,11.575
27539.151685,5.000,9.578
27613.243240,9.000,13.580
27687.334794,9.000,13.583
27760.129643,7.000,11.585
27829.793387,8.000,12.588
27899.457132,7.000,11.590
27967.470220,6.000,10.593
28035.483309,6.000,10.595
28116.562666,6.000,10.598
28197.642023,5.000,9.601
28271.154643,7.000,11.603
28344.667262,7.000,11.606
28439.267154,7.000,11.609
28533.867046,5.000,9.612
28593.112448,6.000,10.614
28652.357850,5.000,9.616
28724.209957,7.000,11.619
28796.062064,8.000,12.621
28880.673276,7.000,11.624
28965.284487,6.000,10.627
29027.667464,7.000,11.630
29059.313352,8.000,12.631
29130.987991,10.000,14.633
29202.662630,9.000,13.636
29265.770104,6.000,10.638
29328.877578,5.000,9.641
29400.935309,6.000,10.643
29472.993040,4.000,8.646
29551.679940,6.000,10.649
29630.366840,6.000,10.652
29709.053740,8.000,12.655
29759.400852,7.000,11.657
29833.751223,5.000,9.659
29908.101593,7.000,11.662
29982.451964,5.000,9.665
29999.999990,4.000,8.666
